Area,Bundesland,AGS,Timestamp,Confirmed,Deaths
Alb-Donau-Kreis,Baden-Württemberg,08425000,2021-01-25T00:00:00+01:00,4845,110
Baden-Baden (Stadtkreis),Baden-Württemberg,08211000,2021-01-25T00:00:00+01:00,1161,45
Biberach,Baden-Württemberg,08426000,2021-01-25T00:00:00+01:00,4195,92
Bodenseekreis,Baden-Württemberg,08435000,2021-01-25T00:00:00+01:00,4227,100
Breisgau-Hochschwarzwald,Baden-Württemberg,08315000,2021-01-25T00:00:00+01:00,5522,136
Böblingen,Baden-Württemberg,08115000,2021-01-25T00:00:00+01:00,10215,161
Calw,Baden-Württemberg,08235000,2021-01-25T00:00:00+01:00,5102,133
Emmendingen,Baden-Württemberg,08316000,2021-01-25T00:00:00+01:00,3947,122
Enzkreis,Baden-Württemberg,08236000,2021-01-25T00:00:00+01:00,5923,168
Esslingen,Baden-Württemberg,08116000,2021-01-25T00:00:00+01:00,14954,354
Freiburg im Breisgau (Stadtkreis),Baden-Württemberg,08311000,2021-01-25T00:00:00+01:00,4927,123
Freudenstadt,Baden-Württemberg,08237000,2021-01-25T00:00:00+01:00,3110,105
Göppingen,Baden-Württemberg,08117000,2021-01-25T00:00:00+01:00,6741,143
Heidelberg (Stadtkreis),Baden-Württemberg,08221000,2021-01-25T00:00:00+01:00,3546,46
Heidenheim,Baden-Württemberg,08135000,2021-01-25T00:00:00+01:00,3050,121
Heilbronn (Stadtkreis),Baden-Württemberg,08121000,2021-01-25T00:00:00+01:00,5110,92
Heilbronn (Landkreis),Baden-Württemberg,08125000,2021-01-25T00:00:00+01:00,8780,149
Hohenlohekreis,Baden-Württemberg,08126000,2021-01-25T00:00:00+01:00,2661,91
Karlsruhe (Stadtkreis),Baden-Württemberg,08212000,2021-01-25T00:00:00+01:00,5781,128
Karlsruhe (Landkreis),Baden-Württemberg,08215000,2021-01-25T00:00:00+01:00,10323,338
Konstanz,Baden-Württemberg,08335000,2021-01-25T00:00:00+01:00,6024,196
Ludwigsburg,Baden-Württemberg,08118000,2021-01-25T00:00:00+01:00,15764,321
Lörrach,Baden-Württemberg,08336000,2021-01-25T00:00:00+01:00,6675,202
Main-Tauber-Kreis,Baden-Württemberg,08128000,2021-01-25T00:00:00+01:00,2862,43
Mannheim (Stadtkreis),Baden-Württemberg,08222000,2021-01-25T00:00:00+01:00,9762,209
Neckar-Odenwald-Kreis,Baden-Württemberg,08225000,2021-01-25T00:00:00+01:00,3875,109
Ortenaukreis,Baden-Württemberg,08317000,2021-01-25T00:00:00+01:00,11158,350
Ostalbkreis,Baden-Württemberg,08136000,2021-01-25T00:00:00+01:00,8627,187
Pforzheim (Stadtkreis),Baden-Württemberg,08231000,2021-01-25T00:00:00+01:00,4817,89
Rastatt,Baden-Württemberg,08216000,2021-01-25T00:00:00+01:00,5037,105
Ravensburg,Baden-Württemberg,08436000,2021-01-25T00:00:00+01:00,5906,70
Rems-Murr-Kreis,Baden-Württemberg,08119000,2021-01-25T00:00:00+01:00,11921,267
Reutlingen,Baden-Württemberg,08415000,2021-01-25T00:00:00+01:00,8270,184
Rhein-Neckar-Kreis,Baden-Württemberg,08226000,2021-01-25T00:00:00+01:00,13669,282
Rottweil,Baden-Württemberg,08325000,2021-01-25T00:00:00+01:00,4533,126
Schwarzwald-Baar-Kreis,Baden-Württemberg,08326000,2021-01-25T00:00:00+01:00,5550,152
Schwäbisch Hall,Baden-Württemberg,08127000,2021-01-25T00:00:00+01:00,4460,129
Sigmaringen,Baden-Württemberg,08437000,2021-01-25T00:00:00+01:00,2652,54
Stuttgart,Baden-Württemberg,08111000,2021-01-25T00:00:00+01:00,17118,252
Tuttlingen,Baden-Württemberg,08327000,2021-01-25T00:00:00+01:00,4224,98
Tübingen,Baden-Württemberg,08416000,2021-01-25T00:00:00+01:00,5737,145
Ulm (Stadtkreis),Baden-Württemberg,08421000,2021-01-25T00:00:00+01:00,3170,46
Waldshut,Baden-Württemberg,08337000,2021-01-25T00:00:00+01:00,4296,132
Zollernalbkreis,Baden-Württemberg,08417000,2021-01-25T00:00:00+01:00,4914,128
Aichach-Friedberg,Bayern,09771000,2021-01-25T00:00:00+01:00,3258,70
Altötting,Bayern,09171000,2021-01-25T00:00:00+01:00,3437,136
Amberg,Bayern,09361000,2021-01-25T00:00:00+01:00,772,8
Amberg-Sulzbach,Bayern,09371000,2021-01-25T00:00:00+01:00,2620,104
Ansbach (Stadt),Bayern,09561000,2021-01-25T00:00:00+01:00,1059,20
Ansbach (Landkreis),Bayern,09571000,2021-01-25T00:00:00+01:00,4193,97
Aschaffenburg (Stadt),Bayern,09661000,2021-01-25T00:00:00+01:00,1885,67
Aschaffenburg (Landkreis),Bayern,09671000,2021-01-25T00:00:00+01:00,5149,148
Augsburg (Stadt),Bayern,09761000,2021-01-25T00:00:00+01:00,11049,257
Augsburg (Landkreis),Bayern,09772000,2021-01-25T00:00:00+01:00,7182,129
Bad Kissingen,Bayern,09672000,2021-01-25T00:00:00+01:00,1980,72
Bad Tölz-Wolfratshausen,Bayern,09173000,2021-01-25T00:00:00+01:00,3142,37
Bamberg (Stadt),Bayern,09461000,2021-01-25T00:00:00+01:00,1580,63
Bamberg (Landkreis),Bayern,09471000,2021-01-25T00:00:00+01:00,3248,101
Bayreuth (Stadt),Bayern,09462000,2021-01-25T00:00:00+01:00,1847,56
Bayreuth (Landkreis),Bayern,09472000,2021-01-25T00:00:00+01:00,2747,91
Berchtesgadener Land,Bayern,09172000,2021-01-25T00:00:00+01:00,3727,82
Cham,Bayern,09372000,2021-01-25T00:00:00+01:00,3210,100
Coburg (Stadt),Bayern,09463000,2021-01-25T00:00:00+01:00,1446,66
Coburg (Landkreis),Bayern,09473000,2021-01-25T00:00:00+01:00,3013,126
Dachau,Bayern,09174000,2021-01-25T00:00:00+01:00,5351,88
Deggendorf,Bayern,09271000,2021-01-25T00:00:00+01:00,3819,104
Dillingen a.d. Donau,Bayern,09773000,2021-01-25T00:00:00+01:00,2312,90
Dingolfing-Landau,Bayern,09279000,2021-01-25T00:00:00+01:00,2988,70
Donau-Ries,Bayern,09779000,2021-01-25T00:00:00+01:00,3427,114
Ebersberg,Bayern,09175000,2021-01-25T00:00:00+01:00,4390,110
Eichstätt,Bayern,09176000,2021-01-25T00:00:00+01:00,3124,61
Erding,Bayern,09177000,2021-01-25T00:00:00+01:00,4678,62
Erlangen,Bayern,09562000,2021-01-25T00:00:00+01:00,2578,70
Erlangen-Höchstadt,Bayern,09572000,2021-01-25T00:00:00+01:00,3276,97
Forchheim,Bayern,09474000,2021-01-25T00:00:00+01:00,2858,79
Freising,Bayern,09178000,2021-01-25T00:00:00+01:00,5157,86
Freyung-Grafenau,Bayern,09272000,2021-01-25T00:00:00+01:00,3123,84
Fürstenfeldbruck,Bayern,09179000,2021-01-25T00:00:00+01:00,6479,102
Fürth (Stadt),Bayern,09563000,2021-01-25T00:00:00+01:00,4507,140
Fürth (Landkreis),Bayern,09573000,2021-01-25T00:00:00+01:00,3396,148
Garmisch-Partenkirchen,Bayern,09180000,2021-01-25T00:00:00+01:00,2245,60
Günzburg,Bayern,09774000,2021-01-25T00:00:00+01:00,4095,87
Haßberge,Bayern,09674000,2021-01-25T00:00:00+01:00,2237,60
Hof (Stadt),Bayern,09464000,2021-01-25T00:00:00+01:00,1753,62
Hof (Landkreis),Bayern,09475000,2021-01-25T00:00:00+01:00,2987,93
Ingolstadt,Bayern,09161000,2021-01-25T00:00:00+01:00,3866,82
Kaufbeuren,Bayern,09762000,2021-01-25T00:00:00+01:00,1367,43
Kelheim,Bayern,09273000,2021-01-25T00:00:00+01:00,2950,70
Kempten (Allgäu),Bayern,09763000,2021-01-25T00:00:00+01:00,1462,29
Kitzingen,Bayern,09675000,2021-01-25T00:00:00+01:00,1813,52
Kronach,Bayern,09476000,2021-01-25T00:00:00+01:00,1975,48
Kulmbach,Bayern,09477000,2021-01-25T00:00:00+01:00,1908,73
Landsberg am Lech,Bayern,09181000,2021-01-25T00:00:00+01:00,2676,35
Landshut (Stadt),Bayern,09261000,2021-01-25T00:00:00+01:00,2438,53
Landshut (Landkreis),Bayern,09274000,2021-01-25T00:00:00+01:00,4688,133
Lichtenfels,Bayern,09478000,2021-01-25T00:00:00+01:00,1915,47
Lindau (Bodensee),Bayern,09776000,2021-01-25T00:00:00+01:00,2082,41
Main-Spessart,Bayern,09677000,2021-01-25T00:00:00+01:00,2962,181
Memmingen,Bayern,09764000,2021-01-25T00:00:00+01:00,1079,16
Miesbach,Bayern,09182000,2021-01-25T00:00:00+01:00,2912,41
Miltenberg,Bayern,09676000,2021-01-25T00:00:00+01:00,3574,78
Mühldorf a. Inn,Bayern,09183000,2021-01-25T00:00:00+01:00,3999,99
München (Stadt),Bayern,09162000,2021-01-25T00:00:00+01:00,50724,772
München (Landkreis),Bayern,09184000,2021-01-25T00:00:00+01:00,10507,158
Neu-Ulm,Bayern,09775000,2021-01-25T00:00:00+01:00,4418,83
Neuburg-Schrobenhausen,Bayern,09185000,2021-01-25T00:00:00+01:00,2557,58
Neumarkt i.d. OPf.,Bayern,09373000,2021-01-25T00:00:00+01:00,3659,97
Neustadt a.d. Aisch-Bad Windsheim,Bayern,09575000,2021-01-25T00:00:00+01:00,2248,51
Neustadt a.d. Waldnaab,Bayern,09374000,2021-01-25T00:00:00+01:00,3323,120
Nürnberg,Bayern,09564000,2021-01-25T00:00:00+01:00,21209,413
Nürnberger Land,Bayern,09574000,2021-01-25T00:00:00+01:00,4303,138
Oberallgäu,Bayern,09780000,2021-01-25T00:00:00+01:00,3373,48
Ostallgäu,Bayern,09777000,2021-01-25T00:00:00+01:00,3624,94
Passau (Stadt),Bayern,09262000,2021-01-25T00:00:00+01:00,2394,89
Passau (Landkreis),Bayern,09275000,2021-01-25T00:00:00+01:00,8688,218
Pfaffenhofen a.d. Ilm,Bayern,09186000,2021-01-25T00:00:00+01:00,3556,139
Regen,Bayern,09276000,2021-01-25T00:00:00+01:00,3713,122
Regensburg (Stadt),Bayern,09362000,2021-01-25T00:00:00+01:00,4052,50
Regensburg (Landkreis),Bayern,09375000,2021-01-25T00:00:00+01:00,4433,81
Rhön-Grabfeld,Bayern,09673000,2021-01-25T00:00:00+01:00,1862,55
Rosenheim (Stadt),Bayern,09163000,2021-01-25T00:00:00+01:00,2688,49
Rosenheim (Landkreis),Bayern,09187000,2021-01-25T00:00:00+01:00,9834,385
Roth,Bayern,09576000,2021-01-25T00:00:00+01:00,3701,111
Rottal-Inn,Bayern,09277000,2021-01-25T00:00:00+01:00,4597,116
Schwabach,Bayern,09565000,2021-01-25T00:00:00+01:00,1436,86
Schwandorf,Bayern,09376000,2021-01-25T00:00:00+01:00,4066,97
Schweinfurt (Stadt),Bayern,09662000,2021-01-25T00:00:00+01:00,1436,50
Schweinfurt (Landkreis),Bayern,09678000,2021-01-25T00:00:00+01:00,3087,98
Starnberg,Bayern,09188000,2021-01-25T00:00:00+01:00,3412,60
Straubing,Bayern,09263000,2021-01-25T00:00:00+01:00,1426,67
Straubing-Bogen,Bayern,09278000,2021-01-25T00:00:00+01:00,3127,103
Tirschenreuth,Bayern,09377000,2021-01-25T00:00:00+01:00,3184,190
Traunstein,Bayern,09189000,2021-01-25T00:00:00+01:00,6727,174
Unterallgäu,Bayern,09778000,2021-01-25T00:00:00+01:00,3632,83
Weiden i.d. OPf.,Bayern,09363000,2021-01-25T00:00:00+01:00,1688,50
Weilheim-Schongau,Bayern,09190000,2021-01-25T00:00:00+01:00,2927,40
Weißenburg-Gunzenhausen,Bayern,09577000,2021-01-25T00:00:00+01:00,2420,75
Wunsiedel i. Fichtelgebirge,Bayern,09479000,2021-01-25T00:00:00+01:00,2732,110
Würzburg (Stadt),Bayern,09663000,2021-01-25T00:00:00+01:00,2689,81
Würzburg (Landkreis),Bayern,09679000,2021-01-25T00:00:00+01:00,2661,42
Berlin Charlottenburg-Wilmersdorf,Berlin,,2021-01-25T00:00:00+01:00,9965,190
Berlin Friedrichshain-Kreuzberg,Berlin,,2021-01-25T00:00:00+01:00,10175,94
Berlin Lichtenberg,Berlin,,2021-01-25T00:00:00+01:00,6888,147
Berlin Marzahn-Hellersdorf,Berlin,,2021-01-25T00:00:00+01:00,6405,111
Berlin Mitte,Berlin,,2021-01-25T00:00:00+01:00,14929,199
Berlin Neukölln,Berlin,,2021-01-25T00:00:00+01:00,14019,276
Berlin Pankow,Berlin,,2021-01-25T00:00:00+01:00,9822,104
Berlin Reinickendorf,Berlin,,2021-01-25T00:00:00+01:00,9111,200
Berlin Spandau,Berlin,,2021-01-25T00:00:00+01:00,8819,159
Berlin Steglitz-Zehlendorf,Berlin,,2021-01-25T00:00:00+01:00,8618,143
Berlin Tempelhof-Schöneberg,Berlin,,2021-01-25T00:00:00+01:00,11922,322
Berlin Treptow-Köpenick,Berlin,,2021-01-25T00:00:00+01:00,6069,95
Barnim,Brandenburg,12060000,2021-01-25T00:00:00+01:00,3570,131
Brandenburg an der Havel,Brandenburg,12051000,2021-01-25T00:00:00+01:00,1245,37
Cottbus,Brandenburg,12052000,2021-01-25T00:00:00+01:00,2790,81
Dahme-Spreewald,Brandenburg,12061000,2021-01-25T00:00:00+01:00,4371,139
Elbe-Elster,Brandenburg,12062000,2021-01-25T00:00:00+01:00,4304,126
Frankfurt (Oder),Brandenburg,12053000,2021-01-25T00:00:00+01:00,1300,50
Havelland,Brandenburg,12063000,2021-01-25T00:00:00+01:00,3436,88
Märkisch-Oderland,Brandenburg,12064000,2021-01-25T00:00:00+01:00,4201,182
Oberhavel,Brandenburg,12065000,2021-01-25T00:00:00+01:00,4419,80
Oberspreewald-Lausitz,Brandenburg,12066000,2021-01-25T00:00:00+01:00,4684,173
Oder-Spree,Brandenburg,12067000,2021-01-25T00:00:00+01:00,4899,167
Ostprignitz-Ruppin,Brandenburg,12068000,2021-01-25T00:00:00+01:00,2600,57
Potsdam,Brandenburg,12054000,2021-01-25T00:00:00+01:00,4218,156
Potsdam-Mittelmark,Brandenburg,12069000,2021-01-25T00:00:00+01:00,5035,110
Prignitz,Brandenburg,12070000,2021-01-25T00:00:00+01:00,1762,69
Spree-Neiße,Brandenburg,12071000,2021-01-25T00:00:00+01:00,4614,130
Teltow-Fläming,Brandenburg,12072000,2021-01-25T00:00:00+01:00,3972,83
Uckermark,Brandenburg,12073000,2021-01-25T00:00:00+01:00,2224,80
Bremen,Bremen,04011000,2021-01-25T00:00:00+01:00,13786,222
Bremerhaven,Bremen,04012000,2021-01-25T00:00:00+01:00,1649,31
Hamburg,Hamburg,02000000,2021-01-25T00:00:00+01:00,44718,988
Bergstraße,Hessen,06431000,2021-01-25T00:00:00+01:00,6110,189
Darmstadt,Hessen,06411000,2021-01-25T00:00:00+01:00,3488,96
Darmstadt-Dieburg,Hessen,06432000,2021-01-25T00:00:00+01:00,6761,181
Frankfurt am Main,Hessen,06412000,2021-01-25T00:00:00+01:00,23872,466
Fulda,Hessen,06631000,2021-01-25T00:00:00+01:00,6935,165
Gießen,Hessen,06531000,2021-01-25T00:00:00+01:00,7878,257
Groß-Gerau,Hessen,06433000,2021-01-25T00:00:00+01:00,8231,165
Hersfeld-Rotenburg,Hessen,06632000,2021-01-25T00:00:00+01:00,2852,92
Hochtaunuskreis,Hessen,06434000,2021-01-25T00:00:00+01:00,4699,122
Kassel (Stadt),Hessen,06611000,2021-01-25T00:00:00+01:00,4623,111
Kassel (Landkreis),Hessen,06633000,2021-01-25T00:00:00+01:00,4618,125
Lahn-Dill-Kreis,Hessen,06532000,2021-01-25T00:00:00+01:00,5820,102
Limburg-Weilburg,Hessen,06533000,2021-01-25T00:00:00+01:00,5173,156
Main-Kinzig-Kreis,Hessen,06435000,2021-01-25T00:00:00+01:00,12977,339
Main-Taunus-Kreis,Hessen,06436000,2021-01-25T00:00:00+01:00,5274,123
Marburg-Biedenkopf,Hessen,06534000,2021-01-25T00:00:00+01:00,6061,171
Odenwaldkreis,Hessen,06437000,2021-01-25T00:00:00+01:00,2818,148
Offenbach,Hessen,06438000,2021-01-25T00:00:00+01:00,11178,320
Offenbach am Main,Hessen,06413000,2021-01-25T00:00:00+01:00,5185,112
Rheingau-Taunus-Kreis,Hessen,06439000,2021-01-25T00:00:00+01:00,4512,122
Schwalm-Eder-Kreis,Hessen,06634000,2021-01-25T00:00:00+01:00,3947,152
Vogelsbergkreis,Hessen,06535000,2021-01-25T00:00:00+01:00,2251,80
Waldeck-Frankenberg,Hessen,06635000,2021-01-25T00:00:00+01:00,3657,77
Werra-Meißner-Kreis,Hessen,06636000,2021-01-25T00:00:00+01:00,1835,84
Wetteraukreis,Hessen,06440000,2021-01-25T00:00:00+01:00,7628,310
Wiesbaden,Hessen,06414000,2021-01-25T00:00:00+01:00,7836,147
Ludwigslust-Parchim,Mecklenburg-Vorpommern,13076000,2021-01-25T00:00:00+01:00,2909,80
Mecklenburgische Seenplatte,Mecklenburg-Vorpommern,13071000,2021-01-25T00:00:00+01:00,4378,54
Nordwestmecklenburg,Mecklenburg-Vorpommern,13074000,2021-01-25T00:00:00+01:00,1598,31
Rostock (Stadt),Mecklenburg-Vorpommern,13003000,2021-01-25T00:00:00+01:00,1209,11
Rostock (Landkreis),Mecklenburg-Vorpommern,13072000,2021-01-25T00:00:00+01:00,1564,37
Schwerin,Mecklenburg-Vorpommern,13004000,2021-01-25T00:00:00+01:00,1277,43
Vorpommern-Greifswald,Mecklenburg-Vorpommern,13075000,2021-01-25T00:00:00+01:00,3725,76
Vorpommern-Rügen,Mecklenburg-Vorpommern,13073000,2021-01-25T00:00:00+01:00,1802,37
Ammerland,Niedersachsen,03451000,2021-01-25T00:00:00+01:00,1605,24
Aurich,Niedersachsen,03452000,2021-01-25T00:00:00+01:00,1849,24
Braunschweig,Niedersachsen,03101000,2021-01-25T00:00:00+01:00,3171,69
Celle,Niedersachsen,03351000,2021-01-25T00:00:00+01:00,2245,38
Cloppenburg,Niedersachsen,03453000,2021-01-25T00:00:00+01:00,6200,85
Cuxhaven,Niedersachsen,03352000,2021-01-25T00:00:00+01:00,2291,71
Delmenhorst,Niedersachsen,03401000,2021-01-25T00:00:00+01:00,2020,43
Diepholz,Niedersachsen,03251000,2021-01-25T00:00:00+01:00,3994,70
Emden,Niedersachsen,03402000,2021-01-25T00:00:00+01:00,493,6
Emsland,Niedersachsen,03454000,2021-01-25T00:00:00+01:00,6386,104
Friesland,Niedersachsen,03455000,2021-01-25T00:00:00+01:00,920,27
Gifhorn,Niedersachsen,03151000,2021-01-25T00:00:00+01:00,3215,89
Goslar,Niedersachsen,03153000,2021-01-25T00:00:00+01:00,1316,51
Grafschaft Bentheim,Niedersachsen,03456000,2021-01-25T00:00:00+01:00,3086,73
Göttingen,Niedersachsen,03159000,2021-01-25T00:00:00+01:00,4593,152
Hameln-Pyrmont,Niedersachsen,03252000,2021-01-25T00:00:00+01:00,2280,44
Harburg,Niedersachsen,03353000,2021-01-25T00:00:00+01:00,3662,62
Heidekreis,Niedersachsen,03358000,2021-01-25T00:00:00+01:00,2007,68
Helmstedt,Niedersachsen,03154000,2021-01-25T00:00:00+01:00,1230,44
Hildesheim,Niedersachsen,03254000,2021-01-25T00:00:00+01:00,4990,153
Holzminden,Niedersachsen,03255000,2021-01-25T00:00:00+01:00,818,28
Leer,Niedersachsen,03457000,2021-01-25T00:00:00+01:00,1554,21
Lüchow-Dannenberg,Niedersachsen,03354000,2021-01-25T00:00:00+01:00,442,12
Lüneburg,Niedersachsen,03355000,2021-01-25T00:00:00+01:00,1655,35
Nienburg (Weser),Niedersachsen,03256000,2021-01-25T00:00:00+01:00,1859,44
Northeim,Niedersachsen,03155000,2021-01-25T00:00:00+01:00,1269,18
Oldenburg,Niedersachsen,03458000,2021-01-25T00:00:00+01:00,2978,88
Oldenburg (Oldb),Niedersachsen,03403000,2021-01-25T00:00:00+01:00,2230,33
Osnabrück (Stadt),Niedersachsen,03404000,2021-01-25T00:00:00+01:00,3874,70
Osnabrück (Landkreis),Niedersachsen,03459000,2021-01-25T00:00:00+01:00,9715,219
Osterholz,Niedersachsen,03356000,2021-01-25T00:00:00+01:00,1561,38
Peine,Niedersachsen,03157000,2021-01-25T00:00:00+01:00,2402,37
Region Hannover,Niedersachsen,03241000,2021-01-25T00:00:00+01:00,25033,528
Rotenburg (Wümme),Niedersachsen,03357000,2021-01-25T00:00:00+01:00,2178,63
Salzgitter,Niedersachsen,03102000,2021-01-25T00:00:00+01:00,2112,44
Schaumburg,Niedersachsen,03257000,2021-01-25T00:00:00+01:00,2426,31
Stade,Niedersachsen,03359000,2021-01-25T00:00:00+01:00,2592,68
Uelzen,Niedersachsen,03360000,2021-01-25T00:00:00+01:00,805,13
Vechta,Niedersachsen,03460000,2021-01-25T00:00:00+01:00,4690,62
Verden,Niedersachsen,03361000,2021-01-25T00:00:00+01:00,2465,34
Wesermarsch,Niedersachsen,03461000,2021-01-25T00:00:00+01:00,1333,28
Wilhelmshaven,Niedersachsen,03405000,2021-01-25T00:00:00+01:00,895,34
Wittmund,Niedersachsen,03462000,2021-01-25T00:00:00+01:00,690,19
Wolfenbüttel,Niedersachsen,03158000,2021-01-25T00:00:00+01:00,1304,47
Wolfsburg,Niedersachsen,03103000,2021-01-25T00:00:00+01:00,1769,65
Bielefeld,Nordrhein-Westfalen,05711000,2021-01-25T00:00:00+01:00,9293,206
Bochum,Nordrhein-Westfalen,05911000,2021-01-25T00:00:00+01:00,9474,120
Bonn,Nordrhein-Westfalen,05314000,2021-01-25T00:00:00+01:00,8253,123
Borken (Kreis),Nordrhein-Westfalen,05554000,2021-01-25T00:00:00+01:00,7864,166
Bottrop,Nordrhein-Westfalen,05512000,2021-01-25T00:00:00+01:00,3489,53
Coesfeld (Kreis),Nordrhein-Westfalen,05558000,2021-01-25T00:00:00+01:00,3490,54
Dortmund,Nordrhein-Westfalen,05913000,2021-01-25T00:00:00+01:00,16481,225
Duisburg,Nordrhein-Westfalen,05112000,2021-01-25T00:00:00+01:00,17411,456
Düren (Kreis),Nordrhein-Westfalen,05358000,2021-01-25T00:00:00+01:00,8071,201
Düsseldorf,Nordrhein-Westfalen,05111000,2021-01-25T00:00:00+01:00,15407,174
Ennepe-Ruhr-Kreis,Nordrhein-Westfalen,05954000,2021-01-25T00:00:00+01:00,7714,225
Essen,Nordrhein-Westfalen,05113000,2021-01-25T00:00:00+01:00,15917,315
Euskirchen (Kreis),Nordrhein-Westfalen,05366000,2021-01-25T00:00:00+01:00,4498,150
Gelsenkirchen,Nordrhein-Westfalen,05513000,2021-01-25T00:00:00+01:00,9105,251
Gütersloh (Kreis),Nordrhein-Westfalen,05754000,2021-01-25T00:00:00+01:00,12509,213
Hagen,Nordrhein-Westfalen,05914000,2021-01-25T00:00:00+01:00,6353,155
Hamm,Nordrhein-Westfalen,05915000,2021-01-25T00:00:00+01:00,5909,135
Heinsberg (Kreis),Nordrhein-Westfalen,05370000,2021-01-25T00:00:00+01:00,7359,236
Herford (Kreis),Nordrhein-Westfalen,05758000,2021-01-25T00:00:00+01:00,6566,102
Herne,Nordrhein-Westfalen,05916000,2021-01-25T00:00:00+01:00,5617,127
Hochsauerlandkreis,Nordrhein-Westfalen,05958000,2021-01-25T00:00:00+01:00,4955,98
Höxter (Kreis),Nordrhein-Westfalen,05762000,2021-01-25T00:00:00+01:00,3285,80
Kleve (Kreis),Nordrhein-Westfalen,05154000,2021-01-25T00:00:00+01:00,5706,107
Krefeld,Nordrhein-Westfalen,05114000,2021-01-25T00:00:00+01:00,6458,99
Köln,Nordrhein-Westfalen,05315000,2021-01-25T00:00:00+01:00,29808,409
Leverkusen,Nordrhein-Westfalen,05316000,2021-01-25T00:00:00+01:00,4197,55
Lippe (Kreis),Nordrhein-Westfalen,05766000,2021-01-25T00:00:00+01:00,10162,218
Mettmann,Nordrhein-Westfalen,05158000,2021-01-25T00:00:00+01:00,13511,451
Minden-Lübbecke (Kreis),Nordrhein-Westfalen,05770000,2021-01-25T00:00:00+01:00,9147,177
Märkischer Kreis,Nordrhein-Westfalen,05962000,2021-01-25T00:00:00+01:00,9865,188
Mönchengladbach,Nordrhein-Westfalen,05116000,2021-01-25T00:00:00+01:00,6843,162
Mülheim an der Ruhr,Nordrhein-Westfalen,05117000,2021-01-25T00:00:00+01:00,5025,150
Münster,Nordrhein-Westfalen,05515000,2021-01-25T00:00:00+01:00,5060,88
Oberbergischer Kreis,Nordrhein-Westfalen,05374000,2021-01-25T00:00:00+01:00,7383,123
Oberhausen,Nordrhein-Westfalen,05119000,2021-01-25T00:00:00+01:00,6585,207
Olpe (Kreis),Nordrhein-Westfalen,05966000,2021-01-25T00:00:00+01:00,3250,115
Paderborn (Kreis),Nordrhein-Westfalen,05774000,2021-01-25T00:00:00+01:00,5605,121
Recklinghausen (Kreis),Nordrhein-Westfalen,05562000,2021-01-25T00:00:00+01:00,19630,480
Remscheid,Nordrhein-Westfalen,05120000,2021-01-25T00:00:00+01:00,3284,119
Rhein-Erft-Kreis,Nordrhein-Westfalen,05362000,2021-01-25T00:00:00+01:00,10494,259
Rhein-Kreis Neuss,Nordrhein-Westfalen,05162000,2021-01-25T00:00:00+01:00,10203,198
Rhein-Sieg-Kreis,Nordrhein-Westfalen,05382000,2021-01-25T00:00:00+01:00,13822,286
Rheinisch-Bergischer Kreis,Nordrhein-Westfalen,05378000,2021-01-25T00:00:00+01:00,6458,96
Siegen-Wittgenstein (Kreis),Nordrhein-Westfalen,05970000,2021-01-25T00:00:00+01:00,5889,84
Soest (Kreis),Nordrhein-Westfalen,05974000,2021-01-25T00:00:00+01:00,4485,109
Solingen,Nordrhein-Westfalen,05122000,2021-01-25T00:00:00+01:00,5494,121
Steinfurt (Kreis),Nordrhein-Westfalen,05566000,2021-01-25T00:00:00+01:00,9412,215
Städteregion Aachen,Nordrhein-Westfalen,05334000,2021-01-25T00:00:00+01:00,16387,393
Unna (Kreis),Nordrhein-Westfalen,05978000,2021-01-25T00:00:00+01:00,11544,306
Viersen (Kreis),Nordrhein-Westfalen,05166000,2021-01-25T00:00:00+01:00,7201,200
Warendorf (Kreis),Nordrhein-Westfalen,05570000,2021-01-25T00:00:00+01:00,7435,150
Wesel (Kreis),Nordrhein-Westfalen,05170000,2021-01-25T00:00:00+01:00,10336,134
Wuppertal,Nordrhein-Westfalen,05124000,2021-01-25T00:00:00+01:00,11380,287
Ahrweiler,Rheinland-Pfalz,07131000,2021-01-25T00:00:00+01:00,2477,36
Altenkirchen (Westerwald),Rheinland-Pfalz,07132000,2021-01-25T00:00:00+01:00,2051,43
Alzey-Worms,Rheinland-Pfalz,07331000,2021-01-25T00:00:00+01:00,2969,92
Bad Dürkheim,Rheinland-Pfalz,07332000,2021-01-25T00:00:00+01:00,2738,91
Bad Kreuznach,Rheinland-Pfalz,07133000,2021-01-25T00:00:00+01:00,3623,94
Bernkastel-Wittlich,Rheinland-Pfalz,07231000,2021-01-25T00:00:00+01:00,1848,50
Birkenfeld,Rheinland-Pfalz,07134000,2021-01-25T00:00:00+01:00,1804,52
Cochem-Zell,Rheinland-Pfalz,07135000,2021-01-25T00:00:00+01:00,1276,22
Donnersbergkreis,Rheinland-Pfalz,07333000,2021-01-25T00:00:00+01:00,1397,37
Eifelkreis Bitburg-Prüm,Rheinland-Pfalz,07232000,2021-01-25T00:00:00+01:00,2025,18
Frankenthal (Pfalz),Rheinland-Pfalz,07311000,2021-01-25T00:00:00+01:00,1265,36
Germersheim,Rheinland-Pfalz,07334000,2021-01-25T00:00:00+01:00,2981,83
Kaiserslautern (Stadt),Rheinland-Pfalz,07312000,2021-01-25T00:00:00+01:00,2208,50
Kaiserslautern (Landkreis),Rheinland-Pfalz,07335000,2021-01-25T00:00:00+01:00,2445,37
Koblenz,Rheinland-Pfalz,07111000,2021-01-25T00:00:00+01:00,2664,73
Kusel,Rheinland-Pfalz,07336000,2021-01-25T00:00:00+01:00,1484,54
Landau in der Pfalz,Rheinland-Pfalz,07313000,2021-01-25T00:00:00+01:00,880,16
Ludwigshafen am Rhein,Rheinland-Pfalz,07314000,2021-01-25T00:00:00+01:00,6287,214
Mainz,Rheinland-Pfalz,07315000,2021-01-25T00:00:00+01:00,6278,127
Mainz-Bingen,Rheinland-Pfalz,07339000,2021-01-25T00:00:00+01:00,4623,125
Mayen-Koblenz,Rheinland-Pfalz,07137000,2021-01-25T00:00:00+01:00,3870,95
Neustadt an der Weinstraße,Rheinland-Pfalz,07316000,2021-01-25T00:00:00+01:00,1024,20
Neuwied,Rheinland-Pfalz,07138000,2021-01-25T00:00:00+01:00,4480,81
Pirmasens,Rheinland-Pfalz,07317000,2021-01-25T00:00:00+01:00,731,39
Rhein-Hunsrück-Kreis,Rheinland-Pfalz,07140000,2021-01-25T00:00:00+01:00,2035,47
Rhein-Lahn-Kreis,Rheinland-Pfalz,07141000,2021-01-25T00:00:00+01:00,2220,79
Rhein-Pfalz-Kreis,Rheinland-Pfalz,07338000,2021-01-25T00:00:00+01:00,4160,147
Speyer,Rheinland-Pfalz,07318000,2021-01-25T00:00:00+01:00,1878,44
Südliche Weinstraße,Rheinland-Pfalz,07337000,2021-01-25T00:00:00+01:00,2144,55
Südwestpfalz,Rheinland-Pfalz,07340000,2021-01-25T00:00:00+01:00,1543,46
Trier,Rheinland-Pfalz,07211000,2021-01-25T00:00:00+01:00,1651,19
Trier-Saarburg,Rheinland-Pfalz,07235000,2021-01-25T00:00:00+01:00,2727,74
Vulkaneifel,Rheinland-Pfalz,07233000,2021-01-25T00:00:00+01:00,1184,41
Westerwaldkreis,Rheinland-Pfalz,07143000,2021-01-25T00:00:00+01:00,3842,91
Worms,Rheinland-Pfalz,07319000,2021-01-25T00:00:00+01:00,2220,56
Zweibrücken,Rheinland-Pfalz,07320000,2021-01-25T00:00:00+01:00,414,3
Merzig-Wadern,Saarland,10042000,2021-01-25T00:00:00+01:00,2159,33
Neunkirchen,Saarland,10043000,2021-01-25T00:00:00+01:00,2782,60
Regionalverband Saarbrücken,Saarland,10041000,2021-01-25T00:00:00+01:00,9487,348
Saarlouis,Saarland,10044000,2021-01-25T00:00:00+01:00,5089,98
Saarpfalz-Kreis,Saarland,10045000,2021-01-25T00:00:00+01:00,2780,72
St. Wendel,Saarland,10046000,2021-01-25T00:00:00+01:00,1991,78
Bautzen,Sachsen,14625000,2021-01-25T00:00:00+01:00,17526,450
Chemnitz,Sachsen,14511000,2021-01-25T00:00:00+01:00,9421,330
Dresden,Sachsen,14612000,2021-01-25T00:00:00+01:00,19865,608
Erzgebirgskreis,Sachsen,14521000,2021-01-25T00:00:00+01:00,19346,543
Görlitz,Sachsen,14626000,2021-01-25T00:00:00+01:00,13682,719
Leipzig (Stadt),Sachsen,14713000,2021-01-25T00:00:00+01:00,13325,247
Leipzig (Landkreis),Sachsen,14729000,2021-01-25T00:00:00+01:00,8692,153
Meißen,Sachsen,14627000,2021-01-25T00:00:00+01:00,11726,471
Mittelsachsen,Sachsen,14522000,2021-01-25T00:00:00+01:00,13818,322
Nordsachsen,Sachsen,14730000,2021-01-25T00:00:00+01:00,7853,200
Sächsische Schweiz-Osterzgebirge,Sachsen,14628000,2021-01-25T00:00:00+01:00,13420,655
Vogtlandkreis,Sachsen,14523000,2021-01-25T00:00:00+01:00,9749,402
Zwickau,Sachsen,14524000,2021-01-25T00:00:00+01:00,16395,630
Altmarkkreis Salzwedel,Sachsen-Anhalt,15081000,2021-01-25T00:00:00+01:00,1150,41
Anhalt-Bitterfeld,Sachsen-Anhalt,15082000,2021-01-25T00:00:00+01:00,3253,40
Burgenlandkreis,Sachsen-Anhalt,15084000,2021-01-25T00:00:00+01:00,6051,234
Börde,Sachsen-Anhalt,15083000,2021-01-25T00:00:00+01:00,2885,65
Dessau-Roßlau,Sachsen-Anhalt,15001000,2021-01-25T00:00:00+01:00,1579,41
Halle (Saale),Sachsen-Anhalt,15002000,2021-01-25T00:00:00+01:00,5763,162
Harz,Sachsen-Anhalt,15085000,2021-01-25T00:00:00+01:00,4010,136
Jerichower Land,Sachsen-Anhalt,15086000,2021-01-25T00:00:00+01:00,1650,67
Magdeburg,Sachsen-Anhalt,15003000,2021-01-25T00:00:00+01:00,3293,48
Mansfeld-Südharz,Sachsen-Anhalt,15087000,2021-01-25T00:00:00+01:00,3266,76
Saalekreis,Sachsen-Anhalt,15088000,2021-01-25T00:00:00+01:00,5208,157
Salzlandkreis,Sachsen-Anhalt,15089000,2021-01-25T00:00:00+01:00,4526,115
Stendal,Sachsen-Anhalt,15090000,2021-01-25T00:00:00+01:00,2169,117
Wittenberg,Sachsen-Anhalt,15091000,2021-01-25T00:00:00+01:00,3602,138
Dithmarschen,Schleswig-Holstein,01051000,2021-01-25T00:00:00+01:00,1210,35
Flensburg,Schleswig-Holstein,01001000,2021-01-25T00:00:00+01:00,934,18
Herzogtum Lauenburg,Schleswig-Holstein,01053000,2021-01-25T00:00:00+01:00,2381,50
Kiel,Schleswig-Holstein,01002000,2021-01-25T00:00:00+01:00,2912,61
Lübeck,Schleswig-Holstein,01003000,2021-01-25T00:00:00+01:00,3344,37
Neumünster,Schleswig-Holstein,01004000,2021-01-25T00:00:00+01:00,942,15
Nordfriesland,Schleswig-Holstein,01054000,2021-01-25T00:00:00+01:00,1564,33
Ostholstein,Schleswig-Holstein,01055000,2021-01-25T00:00:00+01:00,1628,28
Pinneberg,Schleswig-Holstein,01056000,2021-01-25T00:00:00+01:00,6110,167
Plön,Schleswig-Holstein,01057000,2021-01-25T00:00:00+01:00,721,18
Rendsburg-Eckernförde,Schleswig-Holstein,01058000,2021-01-25T00:00:00+01:00,2180,26
Schleswig-Flensburg,Schleswig-Holstein,01059000,2021-01-25T00:00:00+01:00,1317,33
Segeberg,Schleswig-Holstein,01060000,2021-01-25T00:00:00+01:00,3440,91
Steinburg,Schleswig-Holstein,01061000,2021-01-25T00:00:00+01:00,1125,20
Stormarn,Schleswig-Holstein,01062000,2021-01-25T00:00:00+01:00,4053,123
Altenburger Land,Thüringen,16077000,2021-01-25T00:00:00+01:00,4186,113
Eichsfeld,Thüringen,16061000,2021-01-25T00:00:00+01:00,3260,100
Eisenach,Thüringen,16056000,2021-01-25T00:00:00+01:00,862,27
Erfurt,Thüringen,16051000,2021-01-25T00:00:00+01:00,4155,116
Gera,Thüringen,16052000,2021-01-25T00:00:00+01:00,2665,105
Gotha,Thüringen,16067000,2021-01-25T00:00:00+01:00,3273,110
Greiz,Thüringen,16076000,2021-01-25T00:00:00+01:00,3157,97
Hildburghausen,Thüringen,16069000,2021-01-25T00:00:00+01:00,3163,116
Ilm-Kreis,Thüringen,16070000,2021-01-25T00:00:00+01:00,2855,96
Jena,Thüringen,16053000,2021-01-25T00:00:00+01:00,2443,30
Kyffhäuserkreis,Thüringen,16065000,2021-01-25T00:00:00+01:00,1699,58
Nordhausen,Thüringen,16062000,2021-01-25T00:00:00+01:00,1381,37
Saale-Holzland-Kreis,Thüringen,16074000,2021-01-25T00:00:00+01:00,2375,58
Saale-Orla-Kreis,Thüringen,16075000,2021-01-25T00:00:00+01:00,2951,62
Saalfeld-Rudolstadt,Thüringen,16073000,2021-01-25T00:00:00+01:00,3813,137
Schmalkalden-Meiningen,Thüringen,16066000,2021-01-25T00:00:00+01:00,4349,150
Sonneberg,Thüringen,16072000,2021-01-25T00:00:00+01:00,2463,104
Suhl,Thüringen,16054000,2021-01-25T00:00:00+01:00,1048,55
Sömmerda,Thüringen,16068000,2021-01-25T00:00:00+01:00,1756,55
Unstrut-Hainich-Kreis,Thüringen,16064000,2021-01-25T00:00:00+01:00,3741,130
Wartburgkreis,Thüringen,16063000,2021-01-25T00:00:00+01:00,3183,98
Weimar,Thüringen,16055000,2021-01-25T00:00:00+01:00,1493,58
Weimarer Land,Thüringen,16071000,2021-01-25T00:00:00+01:00,1831,24
